{"last_tab":"1","logo_options":{"url":"https:\/\/demo-orions.itnursery.com\/wp-content\/uploads\/2024\/10\/logo-white.png","id":"1570","height":"33","width":"111","thumbnail":"https:\/\/demo-orions.itnursery.com\/wp-content\/uploads\/2024\/10\/logo-white.png"},"demo_design_select":"pbp_color","preloader_switch":"1","mobile_menu":{"url":"#","id":"","height":"","width":"","thumbnail":""},"meta_post_share_btn":"1","brs_heading_txt":"Similar News.","brs_sub_heading_txt":"Related News.","brs_bg":{"url":"https:\/\/demo-orions.itnursery.com\/wp-content\/uploads\/2024\/09\/pattern.jpg","id":"123","height":"1960","width":"1850","thumbnail":"https:\/\/demo-orions.itnursery.com\/wp-content\/uploads\/2024\/09\/pattern-150x150.jpg"},"brs1_bg":{"url":"https:\/\/demo-orions.itnursery.com\/wp-content\/uploads\/2024\/09\/pattern-1.jpg","id":"92","height":"153","width":"1876","thumbnail":"https:\/\/demo-orions.itnursery.com\/wp-content\/uploads\/2024\/09\/pattern-1-150x150.jpg"},"meta_post_rs_nav_switch":"1","404_page_header_title":"404 Error!","404_page_page_icon":"la-times-circle","404_page_sub_title":"introduction","404_page_sub_title_icon":"la-times-circle","404_page_content":"The page you&#039;e looking for might have been removed, had it&#039;s name change or temporarily unavailable","404_page_footer":"1392","search_page_footer":"1392","redux-backup":1}